ID Number,Salary,Year Hired,_id,age,name
VO4QRB,573,2009,630cbd07cf9471266796d8ad,31,John George
86BXFC,1424,2019,630cbd07cf9471266796d8ae,48,George Guinasso
VNESXZ,1080,2019,630cbd07cf9471266796d8af,31,Doris Addison
KJS2YU,1132,2009,630cbd07cf9471266796d8b0,25,Timothy Thomas
VHM5ZQ,1129,2014,630cbd07cf9471266796d8b1,32,Ramon Minard
EDBDOK,1916,2011,630cbd07cf9471266796d8b2,51,Lavonne Enriquez
YL5T5J,1715,2010,630cbd07cf9471266796d8b3,64,Elliott Reeder
7XRRB2,1067,2010,630cbd07cf9471266796d8b4,26,Anthony Greene
IWI5IP,1934,2009,630cbd07cf9471266796d8b5,23,Jennifer Latham
M1P5TS,552,2016,630cbd07cf9471266796d8b6,25,Timothy Martinez
6H9PEJ,1714,2017,630cbd07cf9471266796d8b7,32,Jeanette Coronado
P2GZYZ,774,2011,630cbd07cf9471266796d8b8,61,Latoya Richards
F5WLXW,831,2018,630cbd07cf9471266796d8b9,44,Charles Barnes
580KZ5,1184,2008,630cbd07cf9471266796d8ba,27,Judith Hokula
SA0CZ7,757,2015,630cbd07cf9471266796d8bb,51,Charles Balasco
W7TP1K,425,2009,630cbd07cf9471266796d8bc,57,Eugene Nolan
E0QBZJ,1054,2013,630cbd07cf9471266796d8bd,62,Thomas Smith
S3OQAZ,1078,2013,630cbd07cf9471266796d8be,43,Irma Davis
2Z5TM4,1334,2011,630cbd07cf9471266796d8bf,31,James Jones
B8PMSS,817,2014,630cbd07cf9471266796d8c0,57,Frank Kizer
UTB58C,885,2011,630cbd07cf9471266796d8c1,32,Francisco Leu
HS06ZR,678,2015,630cbd07cf9471266796d8c2,20,Robyn Fleming
3BJRFE,568,2015,630cbd07cf9471266796d8c3,37,Terry Polk
IO2NLL,1265,2017,630cbd07cf9471266796d8c4,49,Helen Stinger
GD8BPN,1826,2021,630cbd07cf9471266796d8c5,34,Muriel Kennon
6D5QRG,970,2008,630cbd07cf9471266796d8c6,51,Carrie Martin
S4QQLP,1456,2021,630cbd07cf9471266796d8c7,48,Louis Brown
CS6J9I,775,2012,630cbd07cf9471266796d8c8,41,Stefanie Mcdowell
8BAGK8,996,2009,630cbd07cf9471266796d8c9,34,Francisco Boone
FP27SK,1282,2015,630cbd07cf9471266796d8ca,64,Monica Pederson
DLE4G9,531,2013,630cbd07cf9471266796d8cb,39,George Robinson
W8360N,1817,2020,630cbd07cf9471266796d8cc,31,Faith Wood
9ISG02,582,2014,630cbd07cf9471266796d8cd,24,Lena Tweed
CV76SF,1183,2008,630cbd07cf9471266796d8ce,58,Connie Cullom
AHWQPZ,875,2010,630cbd07cf9471266796d8cf,37,Joe Turner
12BEAR,1203,2009,630cbd07cf9471266796d8d0,30,Troy Batchelor
I0ENVK,1859,2010,630cbd07cf9471266796d8d1,45,Alan Griffin
BIO0TQ,1131,2019,630cbd07cf9471266796d8d2,30,James Orr
PFH7WT,630,2009,630cbd07cf9471266796d8d3,58,Kimberly Lieberman
ECANHE,1353,2017,630cbd07cf9471266796d8d4,57,Jamie Langan
C4LF09,1917,2010,630cbd07cf9471266796d8d5,45,Bennie Zanola
XD3CH5,1654,2020,630cbd07cf9471266796d8d6,43,Alma Leonard
F9IYYM,606,2010,630cbd07cf9471266796d8d7,63,Paul Reece
4NVEQZ,711,2011,630cbd07cf9471266796d8d8,49,Gina Jardine
HLRE5X,1847,2016,630cbd07cf9471266796d8d9,63,Jean Malone
04YN7L,1874,2014,630cbd07cf9471266796d8da,46,Edward Booth
EZA7ZY,1465,2016,630cbd07cf9471266796d8db,31,Jeffrey Eldred
Z04EF4,1289,2010,630cbd07cf9471266796d8dc,53,Arthur Zanghi
JDMWMU,955,2016,630cbd07cf9471266796d8dd,45,Charles Owens
03FRYI,920,2020,630cbd07cf9471266796d8de,42,Marcos Siler